id_persona,nombre,apellido,email,celular,género
1,Galvin,Belamy,gbelamy0@infoseek.co.jp,683-216-0691,Male
2,Caresse,Solley,csolley1@ehow.com,830-891-8277,Female
3,Frants,Rottger,frottger2@washington.edu,996-123-5334,Male
4,Violante,Braven,vbraven3@omniture.com,909-400-8283,Female
5,Gerhardine,Allaker,gallaker4@jimdo.com,737-864-6121,Female
6,Daisi,Knight,dknight5@bloglovin.com,225-817-4973,Female
7,Smith,Pearle,spearle6@gravatar.com,819-925-8674,Male
8,Audra,Le Batteur,alebatteur7@bing.com,370-700-6746,Polygender
9,Tulley,Philipard,tphilipard8@plala.or.jp,124-132-2443,Male
10,Sal,Edmenson,sedmenson9@gov.uk,639-777-1596,Female
11,Jarrod,Guyonneau,jguyonneaua@flavors.me,987-475-7580,Male
12,Ram,Kitchin,rkitchinb@state.gov,580-132-8102,Male
13,Ericka,Lintot,elintotc@dailymail.co.uk,810-457-3074,Female
14,Barbabra,Matysik,bmatysikd@imageshack.us,972-863-0562,Female
15,Nickola,Rodman,nrodmane@networksolutions.com,551-996-2360,Male
16,Bob,Roscam,broscamf@ovh.net,322-347-7436,Male
17,Ag,Platfoot,aplatfootg@simplemachines.org,107-452-3014,Female
18,Olav,Vaudrey,ovaudreyh@rakuten.co.jp,695-681-0756,Male
19,Allyn,Goodlad,agoodladi@github.com,162-445-2747,Female
20,Kathleen,Ruckhard,kruckhardj@scientificamerican.com,402-197-8118,Female
21,Claire,Kalkhoven,ckalkhovenk@uiuc.edu,115-963-7591,Male
22,Yule,Chittem,ychitteml@lycos.com,723-837-3086,Male
23,Tedd,Readwood,treadwoodm@angelfire.com,727-768-1941,Bigender
24,Hannis,Strood,hstroodn@4shared.com,947-958-3450,Female
25,Wilone,Loyd,wloydo@squarespace.com,632-357-1424,Female
26,Terrance,Lochet,tlochetp@oracle.com,134-526-8082,Male
27,Josselyn,Tresise,jtresiseq@discovery.com,104-270-6498,Female
28,Gwynne,Beckinsall,gbeckinsallr@arstechnica.com,409-525-0476,Female
29,Gretta,Gaspard,ggaspards@state.gov,534-163-3166,Female
30,Pietrek,Linfield,plinfieldt@bbb.org,840-834-5852,Male
31,Wilmer,Ibbetson,wibbetsonu@flickr.com,958-409-7133,Male
32,Meggy,Tomaskunas,mtomaskunasv@elpais.com,346-800-8678,Female
33,Neall,Bewley,nbewleyw@godaddy.com,712-128-2686,Male
34,Twila,July,tjulyx@goodreads.com,676-711-9941,Female
35,Estella,Kelsall,ekelsally@hc360.com,138-191-3586,Female
36,Gerrard,Eakly,geaklyz@topsy.com,144-196-6727,Male
37,Adamo,Thorpe,athorpe10@goodreads.com,227-920-8071,Male
38,Shayna,Oehm,soehm11@businessinsider.com,419-217-9255,Female
39,Foss,Dewing,fdewing12@kickstarter.com,809-820-2301,Genderqueer
40,Mischa,Coltherd,mcoltherd13@virginia.edu,194-941-6793,Male
41,Kathrine,Ortler,kortler14@ask.com,697-378-5417,Agender
42,Shelton,D'Onise,sdonise15@reverbnation.com,119-764-5882,Male
43,Ode,Brazier,obrazier16@xrea.com,179-504-4500,Male
44,Rebeka,Sturridge,rsturridge17@1688.com,951-419-8402,Female
45,Garv,Lawlee,glawlee18@netscape.com,797-968-3016,Male
46,Sauncho,Haughton,shaughton19@opensource.org,281-561-3901,Male
47,Bailey,Jacombs,bjacombs1a@mlb.com,505-760-5653,Male
48,Kenny,Jeenes,kjeenes1b@usnews.com,436-919-0467,Male
49,Mano,Sabie,msabie1c@miibeian.gov.cn,395-223-3372,Male
50,Dorothy,Wardhaw,dwardhaw1d@illinois.edu,181-660-6581,Female
51,Kayla,De Filippis,kdefilippis1e@example.com,223-819-1916,Female
52,Idaline,Coutts,icoutts1f@archive.org,559-760-6010,Female
53,Tedda,Skipsey,tskipsey1g@github.com,296-211-7336,Female
54,Carly,Redsell,credsell1h@google.com.au,442-629-5489,Male
55,Alis,Tester,atester1i@chronoengine.com,614-640-5197,Female
56,Jenica,Pinchen,jpinchen1j@mozilla.org,929-112-7280,Female
57,Micaela,Trosdall,mtrosdall1k@zdnet.com,333-325-3202,Female
58,Karilynn,Seacroft,kseacroft1l@google.cn,708-235-7488,Female
59,Dee dee,Sakins,dsakins1m@quantcast.com,780-958-1274,Female
60,Cris,Siward,csiward1n@shop-pro.jp,335-613-9635,Female
